Vehicle Model,Battery Capacity (kWh),Energy Consumed (kWh),Charging Duration (hours),Charging Rate (kW),Temperature (°C),Charger Type,User Type
TATA Tiago,108.4630074,60.71234573,0.591363425,36.38918057,27.94795306,DC Fast Charger,Commuter
Hyundai Kona,50,79.45782399,1.266430805,32.88286976,38.31631316,Level 1,Long-Distance Traveler
TATA Curvv,85,36.86213999,3.539619026,26.18518786,27.55133468,Level 2,Commuter
MG Comet,75,16.56106433,3.590965718,19.76909872,34.11034864,Level 2,Commuter
TATA Tiago,85,12.92754529,3.421809338,24.21115012,39.50544569,Level 1,Casual Driver
Punch.EV,100,27.60438468,0.95713766,11.23853863,35.97782192,Level 1,Long-Distance Traveler
TATA Curvv,75,43.48775122,3.652540335,36.18237188,29.87220987,Level 1,Commuter
Punch.EV,62,60.06708509,0.999100188,7.651570047,13.99159748,Level 2,Casual Driver
TATA Curvv,75,57.72437946,1.873581597,4.485647105,28.42980738,DC Fast Charger,Long-Distance Traveler
MG Comet,100,68.17785004,3.242446058,23.31161908,-3.191455366,Level 2,Long-Distance Traveler
Punch.EV,100,39.39874236,2.397715361,20.46036487,19.78108389,Level 2,Commuter
TATA Tiago,85,12.04931971,1.373881358,29.46894436,39.41613092,Level 1,Commuter
TATA Curvv,100,17.76943641,3.314079763,34.45824194,19.70335918,DC Fast Charger,Casual Driver
MG Comet,62,77.86372676,0.917902247,47.1540098,38.46677945,DC Fast Charger,Casual Driver
MG Comet,100,71.28000416,2.413754937,40.61639923,33.05773081,Level 2,Casual Driver
MG Comet,62,21.82768818,2.082100007,26.50712322,38.65644396,Level 1,Casual Driver
Hyundai Kona,124.3159114,46.195137,0.650507579,47.87752356,6.171256709,Level 2,Commuter
TATA Tiago,62,59.25460166,1.279620696,,35.27145069,Level 2,Long-Distance Traveler
TATA Tiago,50,67.00568214,3.608030961,4.092360865,-2.724902766,Level 1,Long-Distance Traveler
Hyundai Kona,75,61.13047583,0.947277209,23.28180496,7.662649709,DC Fast Charger,Long-Distance Traveler
Hyundai Kona,85,69.16916706,2.285242161,5.557358509,20.01432447,Level 1,Casual Driver
TATA Tiago,100,30.65169982,1.028818667,28.52235334,-4.932743443,DC Fast Charger,Casual Driver
TATA Tiago,75,59.98647673,3.7293654,23.41792115,15.06062245,Level 1,Commuter
Punch.EV,50,57.92445004,1.261117293,12.53816191,1.825449687,Level 1,Casual Driver
TATA Curvv,85,65.43101691,0.929486554,20.27269894,30.19970956,DC Fast Charger,Long-Distance Traveler
Hyundai Kona,100,36.137269,2.449346455,36.37707579,32.30733829,DC Fast Charger,Casual Driver
Punch.EV,85,43.44537898,1.405889911,,19.86952895,Level 1,Casual Driver
MG Comet,63.09631665,47.7140959,1.176839308,,34.27808119,DC Fast Charger,Casual Driver
Punch.EV,75,64.41904929,3.190013103,24.62165118,25.3204757,Level 1,Long-Distance Traveler
Hyundai Kona,50,35.55367093,3.536754115,45.8556972,26.1334068,Level 1,Commuter
Hyundai Kona,100,36.61656862,3.358014647,27.32114694,24.52303877,Level 2,Long-Distance Traveler
TATA Tiago,50,65.48719596,2.06628138,37.57728956,17.52272767,DC Fast Charger,Long-Distance Traveler
Hyundai Kona,85,33.88719708,3.625604853,18.6042609,-4.160747933,DC Fast Charger,Long-Distance Traveler
MG Comet,85,30.0651389,1.267429956,35.87112113,33.0181713,DC Fast Charger,Long-Distance Traveler
Punch.EV,100,47.37743937,1.299527036,48.16033463,8.511630397,DC Fast Charger,Casual Driver
TATA Tiago,50,78.69341922,2.856062565,36.56255637,12.73792455,Level 1,Long-Distance Traveler
TATA Tiago,85,40.2483826,3.6354899,33.73226426,38.96813601,DC Fast Charger,Commuter
TATA Curvv,50,56.06879095,3.254362544,28.16853365,7.109435812,DC Fast Charger,Long-Distance Traveler
Punch.EV,62,65.04979561,3.436820245,22.55945181,25.34429385,DC Fast Charger,Casual Driver
Hyundai Kona,50.87061708,23.57128154,0.841961239,49.78371903,-3.089617682,DC Fast Charger,Casual Driver
Hyundai Kona,85,45.57396766,3.265855666,11.089827,-9.090468359,Level 2,Commuter
TATA Tiago,75,54.6408791,3.249662139,19.70948849,12.62950128,Level 1,Commuter
TATA Tiago,85,56.01783154,1.040974023,37.85307848,11.49275618,Level 1,Long-Distance Traveler
Punch.EV,85,118.8974904,0.984549221,9.2864977,18.40533315,Level 2,Casual Driver
MG Comet,75,41.15701391,3.473821822,32.59959954,27.90141336,DC Fast Charger,Casual Driver
TATA Tiago,50,71.14274636,1.725136155,14.82991098,17.42486706,DC Fast Charger,Long-Distance Traveler
Punch.EV,50,21.82050637,0.856617261,97.3422547,10.33600034,Level 1,Long-Distance Traveler
Punch.EV,62,47.31460938,0.968976969,10.16337295,23.72798354,Level 1,Casual Driver
Punch.EV,50,63.62653233,2.040022115,9.986771923,5.098606887,Level 1,Commuter
TATA Curvv,50,8.349591228,2.312675062,47.48218949,3.04969077,Level 1,Long-Distance Traveler
TATA Tiago,62,13.48519533,2.665368482,29.87310551,-5.680662911,DC Fast Charger,Commuter
Hyundai Kona,85,70.99471727,0.776358498,12.56141232,4.756515892,Level 1,Long-Distance Traveler
TATA Tiago,89.03206383,78.64289917,0.608975083,34.823951,21.9585411,Level 2,Commuter
TATA Curvv,85,75.18617181,3.623184646,53.1747828,24.92336832,Level 1,Casual Driver
TATA Tiago,75,15.27366667,2.865108393,5.37038419,6.864161791,DC Fast Charger,Long-Distance Traveler
Punch.EV,50,44.15948701,3.976851392,23.75243532,-5.332773776,Level 1,Long-Distance Traveler
MG Comet,50,20.46478094,3.64700851,18.59949061,25.42808821,Level 1,Casual Driver
TATA Tiago,120.5106328,68.82528251,2.465336096,16.93561005,-1.966119085,Level 1,Commuter
Punch.EV,62,22.57288245,2.168491761,41.5266716,1.565003654,DC Fast Charger,Long-Distance Traveler
TATA Tiago,100,22.27571241,2.312877329,18.2090343,21.74994096,DC Fast Charger,Long-Distance Traveler
TATA Curvv,75,61.11752874,2.710755713,28.40157855,-3.133508581,Level 2,Long-Distance Traveler
Punch.EV,75,36.5318794,2.651650861,5.092837674,11.30164247,DC Fast Charger,Long-Distance Traveler
TATA Tiago,50,47.90409794,1.161237734,22.06190557,-2.996197815,Level 1,Commuter
Hyundai Kona,100,79.00225971,3.893154871,26.97742286,7.684356808,Level 2,Commuter
TATA Tiago,75,51.62169093,1.303555581,43.16138737,7.936964701,Level 1,Casual Driver
TATA Tiago,75,70.62045542,0.637026905,18.33554746,-4.842996855,Level 1,Commuter
Punch.EV,75,32.52486105,2.287496504,31.55315617,25.92667701,DC Fast Charger,Long-Distance Traveler
Punch.EV,100,78.3990561,0.531884804,29.75315871,-9.296045391,Level 1,Commuter
TATA Tiago,75,23.99396127,3.26954211,32.93397056,5.918020657,Level 2,Long-Distance Traveler
TATA Curvv,100,23.54038392,2.592597277,3.508161487,14.53864932,Level 2,Casual Driver
TATA Tiago,85,46.45478115,3.936570537,42.8384828,26.51176747,Level 1,Commuter
Hyundai Kona,100,66.17491556,1.590891399,4.096052506,12.62900175,DC Fast Charger,Casual Driver
MG Comet,50,55.42091221,3.674410026,39.08038685,-9.366179122,DC Fast Charger,Commuter
TATA Curvv,85,14.50345514,2.240834005,37.65992488,12.24739891,Level 2,Commuter
TATA Tiago,62,103.8126056,3.525445469,16.59138267,8.330158356,Level 2,Casual Driver
TATA Tiago,62,62.19283346,0.555210364,20.45251231,14.27625134,DC Fast Charger,Long-Distance Traveler
MG Comet,85,40.16142185,2.517973872,28.47996213,13.35438717,DC Fast Charger,Casual Driver
MG Comet,62,42.51736092,0.929764657,39.91263736,10.33319646,Level 2,Casual Driver
TATA Curvv,75,10.45065783,1.428296234,39.8938261,20.63494735,Level 2,Long-Distance Traveler
TATA Tiago,100,30.805662,1.037860072,18.97988935,29.11438027,Level 2,Casual Driver
TATA Tiago,77.60847805,73.09045077,1.754047947,30.38880381,2.594249726,DC Fast Charger,Casual Driver
TATA Tiago,75,26.99234408,3.548983526,46.58137118,25.10961225,Level 2,Commuter
TATA Curvv,75,52.90446367,1.546956035,15.57205559,32.57385369,Level 2,Long-Distance Traveler
Hyundai Kona,75,43.4665651,3.61707816,23.22301592,33.1090396,Level 2,Long-Distance Traveler
MG Comet,50,54.88401336,1.886770506,6.985136805,30.59387793,Level 1,Commuter
Punch.EV,75,36.04757739,1.64577996,49.85189639,6.876897282,Level 2,Casual Driver
Hyundai Kona,62,31.73575031,1.961957618,11.12987276,-9.56906362,Level 1,Casual Driver
Hyundai Kona,85,64.53824697,3.970999801,17.56016007,12.32638948,Level 2,Commuter
MG Comet,75,69.44996148,1.066206747,49.41673269,37.89907159,Level 1,Casual Driver
Hyundai Kona,62,79.46231191,2.895348986,25.41252017,32.53882053,DC Fast Charger,Long-Distance Traveler
MG Comet,50,27.04710323,1.109637723,4.521631542,20.56538827,DC Fast Charger,Commuter
MG Comet,100,5.650181738,0.639951451,11.66743821,23.05944663,DC Fast Charger,Casual Driver
MG Comet,69.44504561,72.71574853,0.682132432,32.25343212,4.485795959,DC Fast Charger,Commuter
MG Comet,85,61.9271036,0.798403786,25.27459826,7.685197905,DC Fast Charger,Commuter
Punch.EV,62,33.39817876,2.455006976,14.42092922,27.28334186,DC Fast Charger,Long-Distance Traveler
TATA Curvv,50,74.54048486,3.591079873,16.93586894,10.74680105,Level 2,Casual Driver
TATA Curvv,100,76.49931987,3.007714522,37.44551098,45.75334767,Level 2,Commuter
TATA Tiago,85,63.83060875,2.45865252,38.13906947,13.91915988,Level 2,Casual Driver
MG Comet,62,65.18392769,2.408337112,38.57770533,17.14920107,Level 1,Commuter
TATA Curvv,75,21.03051965,2.844416686,8.332992518,35.80057736,DC Fast Charger,Commuter
Punch.EV,39.29742253,21.0022301,1.863435975,26.23272288,37.19955857,Level 2,Commuter
Punch.EV,75,34.80201788,0.852049798,16.59673018,14.22429415,DC Fast Charger,Casual Driver
MG Comet,75,41.95057477,1.020998814,39.2570047,11.05077489,DC Fast Charger,Commuter
TATA Curvv,62,11.48343149,3.621537943,21.47990189,-9.305817015,DC Fast Charger,Long-Distance Traveler
Punch.EV,85,15.25417073,3.308464005,6.762530034,-2.25831715,Level 1,Commuter
Hyundai Kona,85,45.0685333,1.712579576,41.03311514,37.01416735,Level 1,Long-Distance Traveler
Hyundai Kona,75,64.87047474,3.233908962,38.98816937,27.33409428,Level 1,Casual Driver
Punch.EV,50,25.13233553,1.899860257,16.20549351,40.25549686,Level 1,Commuter
TATA Curvv,85,67.45124177,0.849602113,45.01922284,20.70521874,DC Fast Charger,Casual Driver
Punch.EV,75,21.81937874,1.989251571,,38.08420738,Level 1,Casual Driver
TATA Tiago,85,60.12372287,2.969014435,30.65934381,34.63224699,DC Fast Charger,Long-Distance Traveler
Hyundai Kona,62,28.57887808,0.977279788,18.89050926,17.67509365,DC Fast Charger,Long-Distance Traveler
Hyundai Kona,62,21.13404478,3.898518143,32.2920457,-1.212120196,Level 2,Long-Distance Traveler
MG Comet,50,79.39006382,2.714307816,19.13778917,14.46130434,Level 2,Commuter
MG Comet,85,43.4665651,4.141746359,34.69206917,-8.771230053,Level 2,Casual Driver
Hyundai Kona,85,64.60983161,1.226894334,3.991359551,17.10924053,Level 1,Long-Distance Traveler
TATA Tiago,62,34.38288065,2.520933069,6.558201297,-9.825102182,Level 1,Long-Distance Traveler
TATA Tiago,75,37.42669941,2.353524458,16.98014038,15.35617755,Level 1,Casual Driver
TATA Curvv,85,75.62248861,1.747279577,16.79147373,38.10561785,DC Fast Charger,Commuter
TATA Curvv,75,66.85109294,2.587561871,20.27113939,35.22549699,DC Fast Charger,Long-Distance Traveler
MG Comet,62,32.34799933,3.914681797,15.17023592,11.65767977,DC Fast Charger,Casual Driver
Hyundai Kona,100,10.24188589,0.563698573,21.4576929,16.33993683,Level 2,Long-Distance Traveler
TATA Tiago,62,71.97510218,1.057536324,23.65002521,21.52620216,Level 2,Commuter
MG Comet,62,75.40700954,3.15448654,17.72970872,12.4570578,Level 2,Commuter
Hyundai Kona,85,28.27985715,2.693719409,13.22697476,12.38716533,Level 2,Commuter
TATA Tiago,50,21.42275953,0.734879615,9.189077429,12.04385004,DC Fast Charger,Commuter
MG Comet,50,22.01644361,1.269157599,41.19625064,11.54438093,Level 1,Casual Driver
MG Comet,85,49.73870005,2.015517255,32.86836958,7.812917021,DC Fast Charger,Commuter
TATA Tiago,100,44.95337165,1.592375622,34.04003944,22.59449152,Level 1,Casual Driver
MG Comet,62,44.06215479,2.714331888,12.63772843,3.802174549,Level 2,Casual Driver
MG Comet,75,38.59813941,1.369419618,26.5629522,6.16119138,Level 2,Long-Distance Traveler
TATA Tiago,62,79.75044564,3.43346384,,29.39445354,DC Fast Charger,Commuter
Hyundai Kona,85,66.89909636,2.769485464,39.32414111,-4.073387953,DC Fast Charger,Commuter
Hyundai Kona,50,40.05179662,1.039744909,26.32801687,30.28535776,DC Fast Charger,Casual Driver
TATA Curvv,62,38.36041213,1.296983426,38.34376389,5.501271669,DC Fast Charger,Long-Distance Traveler
Hyundai Kona,75,6.337534265,0.941406248,4.315961671,26.7089408,Level 1,Long-Distance Traveler
MG Comet,100,6.97877135,2.891860216,35.78892354,27.35537043,DC Fast Charger,Casual Driver
Hyundai Kona,50,62.42036137,2.50003528,29.9083034,23.66715836,DC Fast Charger,Casual Driver
Hyundai Kona,75,23.8368801,2.853649233,12.32951236,29.02876366,Level 1,Commuter
MG Comet,47.65326138,29.34959504,2.559701573,30.32389572,36.69341868,Level 1,Commuter
Punch.EV,50,69.71594631,3.783098446,10.06309377,-4.478051973,DC Fast Charger,Long-Distance Traveler
Punch.EV,50,69.42235104,1.937366869,9.889820742,37.26821495,DC Fast Charger,Casual Driver
Hyundai Kona,105.5549669,48.50288659,3.256956589,43.60970746,23.8877427,Level 2,Casual Driver
TATA Curvv,75,45.4711888,2.957746789,48.01145593,26.50442557,Level 1,Commuter
Punch.EV,75,51.20692409,1.288106025,9.977877022,12.32250456,Level 2,Commuter
Hyundai Kona,101.1029879,7.275443511,2.690603255,21.06032431,26.95365853,Level 2,Commuter
Punch.EV,85,47.19744469,1.551271282,23.43002275,28.41994109,Level 1,Casual Driver
MG Comet,62,24.40113304,1.478023096,31.11524448,23.59028973,Level 1,Long-Distance Traveler
TATA Curvv,193.0030739,42.74479257,1.180162501,40.2059876,-4.172668306,Level 2,Casual Driver
MG Comet,75,45.90925215,0.708738546,26.3121504,28.40385151,Level 2,Commuter
TATA Curvv,75,8.115370261,1.978147577,,33.69115081,DC Fast Charger,Long-Distance Traveler
MG Comet,50,21.30857255,3.735302162,28.04359239,-5.46532879,DC Fast Charger,Casual Driver
TATA Tiago,50,55.30273056,2.544566059,37.34746081,30.18843916,Level 2,Commuter
TATA Tiago,7.714516854,36.22941276,1.885689028,11.09306321,17.39682581,Level 2,Casual Driver
MG Comet,62,12.35040612,1.499556879,44.04764539,15.00986729,DC Fast Charger,Long-Distance Traveler
MG Comet,75,68.24465321,3.375570509,49.3612511,14.82620373,Level 1,Long-Distance Traveler
TATA Tiago,100,6.065161713,3.597765519,46.62351209,27.29212704,DC Fast Charger,Long-Distance Traveler
TATA Curvv,62,41.7666481,4.592690577,21.83372403,38.8126892,Level 1,Casual Driver
TATA Curvv,81.36841583,57.97765789,2.859080313,6.499187935,7.636850332,DC Fast Charger,Long-Distance Traveler
TATA Tiago,75,74.10752218,2.224661484,45.69740275,3.262503248,Level 2,Casual Driver
MG Comet,50,64.37713244,2.314860017,15.2565692,25.40739976,Level 2,Long-Distance Traveler
Punch.EV,75,15.5583755,0.755443089,44.45073085,25.90015483,Level 2,Casual Driver
Hyundai Kona,50,40.7367048,2.534525414,9.866759209,13.54692893,DC Fast Charger,Long-Distance Traveler
Punch.EV,62,20.51871405,3.646583045,27.17353746,22.47968921,Level 1,Long-Distance Traveler
MG Comet,62,13.58796474,3.517065237,40.81172935,4.533623094,DC Fast Charger,Commuter
TATA Curvv,50,73.37136541,3.022632764,45.50795122,7.723424435,Level 1,Commuter
Hyundai Kona,75,43.4665651,1.774553694,29.83758581,5.459169955,Level 2,Commuter
Punch.EV,85,43.25451714,3.210764372,19.27803572,27.81755697,Level 1,Commuter
Hyundai Kona,62,10.24188589,1.394747103,29.21621369,18.15385475,DC Fast Charger,Commuter
MG Comet,75,8.918418778,1.556936696,16.24196336,9.113968186,Level 1,Long-Distance Traveler
MG Comet,75,27.00471086,3.441490898,46.41136085,8.774037215,DC Fast Charger,Casual Driver
TATA Tiago,50,6.661747206,4.110062624,10.89013108,20.51545592,Level 2,Commuter
Punch.EV,100,53.64842443,3.408542212,47.29035525,12.02562263,DC Fast Charger,Commuter
Punch.EV,105.2870677,43.4665651,1.851463574,8.126977133,-0.269334466,DC Fast Charger,Long-Distance Traveler
TATA Tiago,140.7620616,60.08034819,2.078305128,46.15424524,-10.72476975,DC Fast Charger,Long-Distance Traveler
TATA Tiago,75,61.56734925,3.710275408,41.31627182,-2.209581899,Level 1,Long-Distance Traveler
TATA Curvv,62,22.57288245,2.96014749,25.29157595,24.41179393,Level 1,Commuter
TATA Tiago,62,51.49234638,3.911579304,35.21951804,-4.123444525,Level 1,Long-Distance Traveler
TATA Curvv,75,44.76974192,0.640695419,20.59023558,24.25815611,Level 2,Commuter
Punch.EV,75,38.21376481,1.88862824,35.89219701,3.056173423,DC Fast Charger,Long-Distance Traveler
Hyundai Kona,75,40.25719688,1.441548759,17.94739459,31.60235688,Level 2,Long-Distance Traveler
MG Comet,62,51.20288963,1.447056636,45.19091647,15.64840423,DC Fast Charger,Commuter
Hyundai Kona,62,77.45420996,3.308261928,29.41340669,2.24905517,Level 1,Long-Distance Traveler
Punch.EV,88.86922407,20.17078858,2.450451566,40.42078196,2.844132918,DC Fast Charger,Commuter
MG Comet,100,39.93276466,2.705918848,49.11660927,8.663582495,DC Fast Charger,Commuter
TATA Tiago,50,6.268235994,5.673788713,,25.06874494,Level 1,Commuter
MG Comet,62,20.84637782,1.499771048,26.57781476,-2.37688629,DC Fast Charger,Long-Distance Traveler
Punch.EV,50,37.61011503,3.441723779,21.06766867,38.34082129,DC Fast Charger,Commuter
Hyundai Kona,100,38.00957724,2.830236312,6.590228457,-4.148661344,DC Fast Charger,Commuter
Hyundai Kona,62,10.33664419,3.714289102,,5.194911285,DC Fast Charger,Long-Distance Traveler
Punch.EV,75,37.11856726,0.563718561,8.690646596,-0.542639424,Level 2,Casual Driver
MG Comet,50,45.6603132,2.505972271,40.67941804,22.73954601,Level 2,Long-Distance Traveler
MG Comet,50,58.74152298,2.91425797,19.94270235,-0.00429831,DC Fast Charger,Long-Distance Traveler
TATA Tiago,62,33.47231506,3.29858278,43.48176399,8.656254905,Level 2,Long-Distance Traveler
Punch.EV,100,72.08924277,2.496163492,7.494575511,3.927031788,Level 1,Long-Distance Traveler
Hyundai Kona,50,45.81366157,3.444179196,17.3546406,28.43121149,DC Fast Charger,Long-Distance Traveler
TATA Curvv,62,75.52338507,3.32691717,24.8909192,0.5816117,DC Fast Charger,Long-Distance Traveler
TATA Tiago,100,77.63851677,3.577530943,8.125454971,-3.386293111,Level 2,Commuter
TATA Tiago,75,53.9569817,3.737052894,17.87474459,6.800062382,Level 2,Long-Distance Traveler
Punch.EV,85,46.61987333,1.56278776,7.388686338,-0.460756822,DC Fast Charger,Long-Distance Traveler
TATA Tiago,50,6.443672289,2.634529418,14.99241844,-4.275305327,Level 1,Long-Distance Traveler
TATA Tiago,50,62.04623037,0.922764651,18.56265579,-0.966443591,DC Fast Charger,Casual Driver
Hyundai Kona,100,71.70850688,5.444091596,38.79607655,2.616126227,Level 1,Casual Driver
MG Comet,85,44.01595166,1.324310297,38.10527791,5.879536154,Level 2,Casual Driver
Punch.EV,60.65969098,66.09153403,1.272887206,37.60056306,9.953924429,Level 2,Casual Driver
TATA Curvv,50,44.88676331,2.041257191,28.9773945,22.75372165,DC Fast Charger,Long-Distance Traveler
MG Comet,100,58.94085857,3.205348493,43.7022121,19.45757653,Level 2,Long-Distance Traveler
TATA Curvv,109.7951283,10.03981781,1.302941969,,35.14516183,Level 1,Long-Distance Traveler
TATA Curvv,85,29.75838484,2.155244183,29.38504741,-1.353331502,DC Fast Charger,Casual Driver
TATA Curvv,75,69.59647496,2.339041996,14.86068898,73.16958797,DC Fast Charger,Long-Distance Traveler
Punch.EV,100,8.234584116,0.90499338,43.81287256,38.56896076,Level 2,Commuter
Hyundai Kona,62,40.78700348,3.431847203,11.03185075,-0.658493238,Level 1,Long-Distance Traveler
TATA Curvv,82.66681121,18.79049305,1.639131351,38.26182989,-2.736637604,Level 2,Long-Distance Traveler
Hyundai Kona,85,34.89511327,1.603396901,4.881436199,-6.428742353,Level 1,Casual Driver
MG Comet,78.43167082,38.08536377,1.949003681,1.654937068,-5.9392058,Level 1,Long-Distance Traveler
MG Comet,85,68.56767861,1.558203166,16.475471,-9.831678296,Level 1,Casual Driver
MG Comet,75,59.76831247,3.253943971,35.05498942,18.16464336,Level 2,Long-Distance Traveler
MG Comet,62,36.70152016,1.872489738,19.12193264,30.28584754,Level 1,Casual Driver
MG Comet,75,15.72955117,3.882674593,38.31515901,10.75337783,Level 2,Long-Distance Traveler
Hyundai Kona,85,34.07799973,2.364887015,12.59762021,5.369915824,Level 1,Commuter
TATA Curvv,50,23.19329022,2.007710443,31.98319246,17.07536932,Level 1,Casual Driver
TATA Curvv,75,9.206012695,2.220907251,47.65616728,20.77797923,Level 2,Commuter
TATA Curvv,100,56.1150925,1.05741593,5.488039505,36.59253901,Level 1,Commuter
TATA Tiago,50,15.89873423,3.165199902,40.44452193,-5.068598814,Level 1,Long-Distance Traveler
TATA Tiago,85,41.15701391,3.263498398,46.12968887,29.4542124,Level 2,Casual Driver
MG Comet,62,90.23550358,1.285990167,4.841450613,36.3683292,Level 1,Long-Distance Traveler
MG Comet,62,18.10247227,1.934688459,41.55273261,1.102630909,DC Fast Charger,Casual Driver
Hyundai Kona,62,79.97267191,1.157943552,37.46218915,16.05241314,Level 1,Casual Driver
TATA Tiago,50,5.163807088,3.910006446,5.265203285,-9.824574766,DC Fast Charger,Casual Driver
Hyundai Kona,85,45.45344885,1.441090893,28.19404206,28.51369445,DC Fast Charger,Commuter
MG Comet,75,59.16864336,2.765621657,15.22251353,29.06368772,DC Fast Charger,Long-Distance Traveler
MG Comet,100,77.12500791,1.233524687,39.42909617,-3.663579909,Level 1,Casual Driver
TATA Tiago,100,8.28243854,1.245288417,11.01799661,-2.64529743,DC Fast Charger,Commuter
Hyundai Kona,100,27.70606779,2.85834951,45.32674459,19.02928781,Level 1,Commuter
Hyundai Kona,50,5.755524649,2.290446688,39.1270254,18.9627122,DC Fast Charger,Commuter
Hyundai Kona,100,9.206012695,2.858817714,14.83291702,18.45594163,DC Fast Charger,Casual Driver
Punch.EV,75,72.94073166,3.60922982,13.82503559,38.66696331,DC Fast Charger,Casual Driver
Hyundai Kona,50,47.49433927,2.287832255,21.67222574,-3.112536169,DC Fast Charger,Casual Driver
TATA Curvv,86.71809382,61.63104966,2.942916166,20.39119229,-6.983337242,Level 1,Long-Distance Traveler
TATA Curvv,75,77.63234569,3.306874018,11.17901456,2.21108395,DC Fast Charger,Commuter
Hyundai Kona,54.03223627,21.27074191,3.342356049,40.17685077,31.34685759,DC Fast Charger,Commuter
Punch.EV,50,12.89314236,2.141299952,17.34136646,20.05511243,Level 2,Casual Driver
Punch.EV,62,43.4665651,1.281602665,36.60130618,12.23564457,Level 1,Commuter
TATA Curvv,50,43.12603812,2.76539079,5.766635774,31.05761684,Level 2,Commuter
TATA Tiago,62,11.32191413,1.821809688,39.95811626,-0.886886899,Level 1,Long-Distance Traveler
TATA Curvv,50,26.58671022,1.724436589,24.45076324,5.320091462,Level 1,Long-Distance Traveler
TATA Tiago,75,5.892835164,1.235989774,40.77682699,16.89229648,Level 2,Commuter
Hyundai Kona,100,47.67827375,1.424909572,37.74994618,27.78096351,Level 1,Long-Distance Traveler
Punch.EV,75,61.11752874,0.548377714,37.24649566,-2.462733809,Level 2,Commuter
MG Comet,62,26.44403312,3.692237458,27.1214299,14.39410549,Level 1,Commuter
Punch.EV,100,42.0179595,0.730265847,13.30298668,14.64185295,DC Fast Charger,Long-Distance Traveler
MG Comet,50,28.80292498,0.758400248,45.51884431,-0.257359046,DC Fast Charger,Casual Driver
Punch.EV,100,85.03985431,3.708384638,26.7265968,22.66992027,Level 1,Casual Driver
TATA Curvv,50,47.76784734,2.679451387,32.99434153,15.36325798,Level 1,Long-Distance Traveler
MG Comet,62,57.45442117,1.121155295,35.73022937,33.49059845,Level 2,Casual Driver
Hyundai Kona,50,49.53480946,0.805284486,42.13698966,4.52437496,DC Fast Charger,Casual Driver
MG Comet,62,8.315805795,0.728101986,11.73724408,35.82177611,Level 2,Long-Distance Traveler
TATA Curvv,50,10.18500019,3.411449704,29.83066536,26.52415548,Level 1,Commuter
TATA Tiago,85,21.7953825,1.171874032,37.7362187,-4.052803771,Level 2,Long-Distance Traveler
Hyundai Kona,81.06203029,43.4665651,1.695958327,13.48724207,13.73785617,Level 1,Long-Distance Traveler
Hyundai Kona,50,74.27670058,2.849151428,25.07354432,7.731967314,Level 2,Commuter
MG Comet,75,39.73385255,1.249296291,21.39560578,24.10895296,Level 1,Casual Driver
