User ID,Vehicle Model,Battery Capacity (kWh),Charging Station ID,Charging Station Location,Energy Consumed (kWh),Charging Duration (hours),Charging Rate (kW),Charging Cost (USD),Time of Day,Day of Week,State of Charge (Start %),State of Charge (End %),Temperature (°C),Charger Type,User Type
User_1,TATA Tiago,108.4630074,Station_391,Mumbai,60.71234573,0.591363425,36.38918057,13.08771679,Evening,Tuesday,29.37157598,86.11996244,27.94795306,DC Fast Charger,Commuter
User_4,Hyundai Kona,50,Station_327,Mumbai,79.45782399,1.266430805,32.88286976,13.03623883,Evening,Saturday,83.12000296,99.62432763,38.31631316,Level 1,Long-Distance Traveler
User_7,TATA Curvv,85,Station_162,Mumbai,36.86213999,3.539619026,26.18518786,22.21422518,Evening,Friday,60.75178076,70.7960969,27.55133468,Level 2,Commuter
User_14,MG Comet,75,Station_327,Mumbai,16.56106433,3.590965718,19.76909872,37.4418566,Morning,Friday,25.77541539,69.2012291,34.11034864,Level 2,Commuter
User_15,TATA Tiago,85,Station_96,Mumbai,12.92754529,3.421809338,24.21115012,18.55281568,Afternoon,Monday,71.68354384,63.70663794,39.50544569,Level 1,Casual Driver
User_25,Punch.EV,100,Station_150,Mumbai,27.60438468,0.95713766,11.23853863,24.03753469,Morning,Wednesday,65.48688658,65.35209627,35.97782192,Level 1,Long-Distance Traveler
User_27,TATA Curvv,75,Station_361,Mumbai,43.48775122,3.652540335,36.18237188,27.44831088,Afternoon,Thursday,88.74847907,87.824029,29.87220987,Level 1,Commuter
User_34,Punch.EV,62,Station_211,Mumbai,60.06708509,0.999100188,7.651570047,18.03439004,Afternoon,Monday,22.88146663,51.43427868,13.99159748,Level 2,Casual Driver
User_35,TATA Curvv,75,Station_402,Mumbai,57.72437946,1.873581597,4.485647105,35.50300017,Afternoon,Friday,41.87247964,79.64797277,28.42980738,DC Fast Charger,Long-Distance Traveler
User_40,MG Comet,100,Station_23,Mumbai,68.17785004,3.242446058,23.31161908,8.498571937,Morning,Thursday,17.04042002,56.07865101,-3.191455366,Level 2,Long-Distance Traveler
User_42,Punch.EV,100,Station_461,Mumbai,39.39874236,2.397715361,20.46036487,26.61971775,Morning,Saturday,28.25229826,96.28709224,19.78108389,Level 2,Commuter
User_43,TATA Tiago,85,Station_391,Mumbai,12.04931971,1.373881358,29.46894436,32.0420986,Night,Saturday,36.63685216,66.97610432,39.41613092,Level 1,Commuter
User_55,TATA Curvv,100,Station_185,Mumbai,17.76943641,3.314079763,34.45824194,9.798498138,Evening,Thursday,27.69749249,70.51026725,19.70335918,DC Fast Charger,Casual Driver
User_58,MG Comet,62,Station_130,Mumbai,77.86372676,0.917902247,47.1540098,28.30319112,Afternoon,Saturday,56.91742176,57.46568225,38.46677945,DC Fast Charger,Casual Driver
User_60,MG Comet,100,Station_378,Mumbai,71.28000416,2.413754937,40.61639923,6.744728812,Evening,Wednesday,26.15659795,89.92458853,33.05773081,Level 2,Casual Driver
User_61,MG Comet,62,Station_97,Mumbai,21.82768818,2.082100007,26.50712322,36.0680415,Evening,Tuesday,33.25598509,51.50113227,38.65644396,Level 1,Casual Driver
User_63,Hyundai Kona,124.3159114,Station_87,Mumbai,46.195137,0.650507579,47.87752356,30.86418086,Afternoon,Sunday,53.00518533,59.90164627,6.171256709,Level 2,Commuter
User_66,TATA Tiago,62,Station_208,Mumbai,59.25460166,1.279620696,,12.2204383,Night,Thursday,77.03697399,91.82927487,35.27145069,Level 2,Long-Distance Traveler
User_70,TATA Tiago,50,Station_35,Mumbai,67.00568214,3.608030961,4.092360865,14.42396639,Night,Monday,57.67766075,57.11286225,-2.724902766,Level 1,Long-Distance Traveler
User_72,Hyundai Kona,75,Station_67,Mumbai,61.13047583,0.947277209,23.28180496,37.14898173,Evening,Saturday,34.89904375,92.35566117,7.662649709,DC Fast Charger,Long-Distance Traveler
User_75,Hyundai Kona,85,Station_34,Mumbai,69.16916706,2.285242161,5.557358509,20.76646441,Afternoon,Wednesday,41.08904487,74.39951853,20.01432447,Level 1,Casual Driver
User_79,TATA Tiago,100,Station_151,Mumbai,30.65169982,1.028818667,28.52235334,39.32205438,Evening,Friday,38.12132999,81.19721084,-4.932743443,DC Fast Charger,Casual Driver
User_80,TATA Tiago,75,Station_71,Mumbai,59.98647673,3.7293654,23.41792115,15.68301656,Afternoon,Wednesday,88.09676846,96.13056859,15.06062245,Level 1,Commuter
User_85,Punch.EV,50,Station_82,Mumbai,57.92445004,1.261117293,12.53816191,19.81732291,Morning,Friday,49.87203405,54.26143302,1.825449687,Level 1,Casual Driver
User_93,TATA Curvv,85,Station_224,Mumbai,65.43101691,0.929486554,20.27269894,10.39565797,Night,Sunday,76.46681164,75.84995703,30.19970956,DC Fast Charger,Long-Distance Traveler
User_113,Hyundai Kona,100,Station_448,Mumbai,36.137269,2.449346455,36.37707579,7.87091787,Night,Sunday,48.61219347,95.83119936,32.30733829,DC Fast Charger,Casual Driver
User_115,Punch.EV,85,Station_56,Mumbai,43.44537898,1.405889911,,34.67514514,Morning,Friday,55.70562012,52.80830823,19.86952895,Level 1,Casual Driver
User_120,MG Comet,63.09631665,Station_62,Mumbai,47.7140959,1.176839308,,15.35252653,Night,Wednesday,49.53760262,57.93745966,34.27808119,DC Fast Charger,Casual Driver
User_125,Punch.EV,75,Station_494,Mumbai,64.41904929,3.190013103,24.62165118,28.99874331,Evening,Friday,49.17384524,62.34186035,25.3204757,Level 1,Long-Distance Traveler
User_130,Hyundai Kona,50,Station_127,Mumbai,35.55367093,3.536754115,45.8556972,23.36793048,Night,Tuesday,85.49045253,74.66057198,26.1334068,Level 1,Commuter
User_132,Hyundai Kona,100,Station_114,Mumbai,36.61656862,3.358014647,27.32114694,11.58486923,Afternoon,Sunday,66.55511783,56.23715391,24.52303877,Level 2,Long-Distance Traveler
User_133,TATA Tiago,50,Station_199,Mumbai,65.48719596,2.06628138,37.57728956,31.14502051,Evening,Thursday,42.83535123,83.70937054,17.52272767,DC Fast Charger,Long-Distance Traveler
User_134,Hyundai Kona,85,Station_13,Mumbai,33.88719708,3.625604853,18.6042609,24.4683204,Night,Monday,40.14074747,63.34760038,-4.160747933,DC Fast Charger,Long-Distance Traveler
User_138,MG Comet,85,Station_444,Mumbai,30.0651389,1.267429956,35.87112113,35.03863445,Night,Friday,13.94832346,93.59847436,33.0181713,DC Fast Charger,Long-Distance Traveler
User_141,Punch.EV,100,Station_474,Mumbai,47.37743937,1.299527036,48.16033463,28.11485499,Morning,Monday,23.63676232,68.05817011,8.511630397,DC Fast Charger,Casual Driver
User_144,TATA Tiago,50,Station_74,Mumbai,78.69341922,2.856062565,36.56255637,7.639601311,Evening,Tuesday,38.19062073,82.43448923,12.73792455,Level 1,Long-Distance Traveler
User_146,TATA Tiago,85,Station_101,Mumbai,40.2483826,3.6354899,33.73226426,17.24311508,Night,Tuesday,45.0273134,77.80287971,38.96813601,DC Fast Charger,Commuter
User_155,TATA Curvv,50,Station_366,Mumbai,56.06879095,3.254362544,28.16853365,7.964297406,Afternoon,Monday,75.63146824,55.82273779,7.109435812,DC Fast Charger,Long-Distance Traveler
User_156,Punch.EV,62,Station_120,Mumbai,65.04979561,3.436820245,22.55945181,20.79767963,Night,Saturday,83.58728192,80.04211898,25.34429385,DC Fast Charger,Casual Driver
User_158,Hyundai Kona,50.87061708,Station_145,Mumbai,23.57128154,0.841961239,49.78371903,21.99640805,Night,Friday,51.07152573,79.00243297,-3.089617682,DC Fast Charger,Casual Driver
User_163,Hyundai Kona,85,Station_352,Mumbai,45.57396766,3.265855666,11.089827,34.02915242,Evening,Monday,45.7060602,87.23241205,-9.090468359,Level 2,Commuter
User_167,TATA Tiago,75,Station_137,Mumbai,54.6408791,3.249662139,19.70948849,18.84386067,Morning,Monday,27.0170636,85.53675893,12.62950128,Level 1,Commuter
User_170,TATA Tiago,85,Station_273,Mumbai,56.01783154,1.040974023,37.85307848,14.57709875,Evening,Monday,18.03729692,61.93129744,11.49275618,Level 1,Long-Distance Traveler
User_171,Punch.EV,85,Station_117,Mumbai,118.8974904,0.984549221,9.2864977,20.34244787,Night,Monday,27.64544589,90.29992273,18.40533315,Level 2,Casual Driver
User_173,MG Comet,75,Station_368,Mumbai,41.15701391,3.473821822,32.59959954,37.20674099,Night,Monday,68.79319057,75.66889916,27.90141336,DC Fast Charger,Casual Driver
User_175,TATA Tiago,50,Station_168,Mumbai,71.14274636,1.725136155,14.82991098,37.01632786,Afternoon,Saturday,73.16017409,75.75484663,17.42486706,DC Fast Charger,Long-Distance Traveler
User_181,Punch.EV,50,Station_183,Mumbai,21.82050637,0.856617261,97.3422547,13.09959827,Afternoon,Sunday,78.27386156,76.89957103,10.33600034,Level 1,Long-Distance Traveler
User_183,Punch.EV,62,Station_152,Mumbai,47.31460938,0.968976969,10.16337295,25.92447735,Afternoon,Sunday,40.48798797,98.82353364,23.72798354,Level 1,Casual Driver
User_189,Punch.EV,50,Station_496,Mumbai,63.62653233,2.040022115,9.986771923,35.02872012,Afternoon,Sunday,41.00608003,71.25331651,5.098606887,Level 1,Commuter
User_190,TATA Curvv,50,Station_212,Mumbai,8.349591228,2.312675062,47.48218949,19.7528686,Morning,Sunday,43.32205191,62.97068755,3.04969077,Level 1,Long-Distance Traveler
User_200,TATA Tiago,62,Station_132,Mumbai,13.48519533,2.665368482,29.87310551,27.32232283,Night,Monday,82.88645336,52.6525883,-5.680662911,DC Fast Charger,Commuter
User_207,Hyundai Kona,85,Station_108,Mumbai,70.99471727,0.776358498,12.56141232,13.17014202,Morning,Friday,72.89524753,68.05110318,4.756515892,Level 1,Long-Distance Traveler
User_209,TATA Tiago,89.03206383,Station_205,Mumbai,78.64289917,0.608975083,34.823951,31.44978444,Afternoon,Wednesday,74.34868091,50.72443431,21.9585411,Level 2,Commuter
User_211,TATA Curvv,85,Station_155,Mumbai,75.18617181,3.623184646,53.1747828,14.73538709,Evening,Tuesday,17.16005127,64.31018702,24.92336832,Level 1,Casual Driver
User_218,TATA Tiago,75,Station_436,Mumbai,15.27366667,2.865108393,5.37038419,7.629495458,Night,Friday,86.95322411,85.13643915,6.864161791,DC Fast Charger,Long-Distance Traveler
User_226,Punch.EV,50,Station_338,Mumbai,44.15948701,3.976851392,23.75243532,5.550200361,Morning,Thursday,81.45214551,89.2935832,-5.332773776,Level 1,Long-Distance Traveler
User_228,MG Comet,50,Station_181,Mumbai,20.46478094,3.64700851,18.59949061,7.674183155,Morning,Wednesday,18.13415171,56.11481332,25.42808821,Level 1,Casual Driver
User_233,TATA Tiago,120.5106328,Station_275,Mumbai,68.82528251,2.465336096,16.93561005,33.86154813,Afternoon,Monday,70.75160734,55.33183817,-1.966119085,Level 1,Commuter
User_235,Punch.EV,62,Station_492,Mumbai,22.57288245,2.168491761,41.5266716,9.084707242,Evening,Friday,18.85564766,98.32393365,1.565003654,DC Fast Charger,Long-Distance Traveler
User_252,TATA Tiago,100,Station_263,Mumbai,22.27571241,2.312877329,18.2090343,24.41374839,Morning,Wednesday,83.64021009,59.25917191,21.74994096,DC Fast Charger,Long-Distance Traveler
User_254,TATA Curvv,75,Station_302,Mumbai,61.11752874,2.710755713,28.40157855,20.04094214,Night,Sunday,28.7158913,52.96116986,-3.133508581,Level 2,Long-Distance Traveler
User_268,Punch.EV,75,Station_442,Mumbai,36.5318794,2.651650861,5.092837674,32.23995282,Evening,Sunday,80.02092861,75.52594739,11.30164247,DC Fast Charger,Long-Distance Traveler
User_274,TATA Tiago,50,Station_400,Mumbai,47.90409794,1.161237734,22.06190557,35.04175348,Night,Thursday,48.97534202,75.49040404,-2.996197815,Level 1,Commuter
User_277,Hyundai Kona,100,Station_71,Mumbai,79.00225971,3.893154871,26.97742286,11.28750438,Night,Friday,22.53375157,93.2978301,7.684356808,Level 2,Commuter
User_287,TATA Tiago,75,Station_121,Mumbai,51.62169093,1.303555581,43.16138737,28.15164637,Afternoon,Monday,22.78747904,58.66249439,7.936964701,Level 1,Casual Driver
User_290,TATA Tiago,75,Station_63,Mumbai,70.62045542,0.637026905,18.33554746,14.73821179,Morning,Saturday,25.72347164,99.5858146,-4.842996855,Level 1,Commuter
User_292,Punch.EV,75,Station_436,Mumbai,32.52486105,2.287496504,31.55315617,10.0360231,Evening,Thursday,23.42576753,83.74262074,25.92667701,DC Fast Charger,Long-Distance Traveler
User_293,Punch.EV,100,Station_68,Mumbai,78.3990561,0.531884804,29.75315871,34.30110996,Night,Sunday,49.66021029,83.24626253,-9.296045391,Level 1,Commuter
User_299,TATA Tiago,75,Station_108,Mumbai,23.99396127,3.26954211,32.93397056,20.65067387,Evening,Tuesday,87.85226345,75.36398823,5.918020657,Level 2,Long-Distance Traveler
User_305,TATA Curvv,100,Station_417,Mumbai,23.54038392,2.592597277,3.508161487,23.22008781,Evening,Thursday,17.17061425,39.31920167,14.53864932,Level 2,Casual Driver
User_308,TATA Tiago,85,Station_216,Mumbai,46.45478115,3.936570537,42.8384828,5.06404815,Morning,Tuesday,12.79308917,70.71797257,26.51176747,Level 1,Commuter
User_310,Hyundai Kona,100,Station_98,Mumbai,66.17491556,1.590891399,4.096052506,37.05502096,Night,Wednesday,57.51855751,59.21834421,12.62900175,DC Fast Charger,Casual Driver
User_316,MG Comet,50,Station_484,Mumbai,55.42091221,3.674410026,39.08038685,11.67802099,Morning,Thursday,74.61169024,62.05991728,-9.366179122,DC Fast Charger,Commuter
User_331,TATA Curvv,85,Station_276,Mumbai,14.50345514,2.240834005,37.65992488,11.91083137,Morning,Tuesday,51.14214596,99.98660421,12.24739891,Level 2,Commuter
User_335,TATA Tiago,62,Station_183,Mumbai,103.8126056,3.525445469,16.59138267,17.66922823,Night,Friday,52.79679327,89.35179211,8.330158356,Level 2,Casual Driver
User_338,TATA Tiago,62,Station_322,Mumbai,62.19283346,0.555210364,20.45251231,19.47699463,Morning,Saturday,24.3852456,88.82972948,14.27625134,DC Fast Charger,Long-Distance Traveler
User_345,MG Comet,85,Station_238,Mumbai,40.16142185,2.517973872,28.47996213,13.37000579,Evening,Wednesday,35.04453498,94.56359194,13.35438717,DC Fast Charger,Casual Driver
User_346,MG Comet,62,Station_134,Mumbai,42.51736092,0.929764657,39.91263736,7.234439777,Morning,Saturday,88.94643474,63.74334492,10.33319646,Level 2,Casual Driver
User_356,TATA Curvv,75,Station_222,Mumbai,10.45065783,1.428296234,39.8938261,32.560979,Afternoon,Wednesday,82.76444286,60.77776335,20.63494735,Level 2,Long-Distance Traveler
User_357,TATA Tiago,100,Station_373,Mumbai,30.805662,1.037860072,18.97988935,18.35319511,Night,Saturday,60.72720275,61.20655137,29.11438027,Level 2,Casual Driver
User_361,TATA Tiago,77.60847805,Station_480,Mumbai,73.09045077,1.754047947,30.38880381,9.595163794,Morning,Tuesday,29.66650146,99.85685077,2.594249726,DC Fast Charger,Casual Driver
User_362,TATA Tiago,75,Station_48,Mumbai,26.99234408,3.548983526,46.58137118,36.50047332,Morning,Monday,23.69485787,56.10531021,25.10961225,Level 2,Commuter
User_374,TATA Curvv,75,Station_11,Mumbai,52.90446367,1.546956035,15.57205559,18.54288394,Night,Saturday,89.8386107,97.49538047,32.57385369,Level 2,Long-Distance Traveler
User_382,Hyundai Kona,75,Station_293,Mumbai,43.4665651,3.61707816,23.22301592,17.85819103,Evening,Friday,70.60042408,89.35441576,33.1090396,Level 2,Long-Distance Traveler
User_387,MG Comet,50,Station_454,Mumbai,54.88401336,1.886770506,6.985136805,6.555981505,Night,Saturday,64.28041815,82.38389625,30.59387793,Level 1,Commuter
User_391,Punch.EV,75,Station_328,Mumbai,36.04757739,1.64577996,49.85189639,7.461577394,Evening,Tuesday,46.32842586,52.15170917,6.876897282,Level 2,Casual Driver
User_392,Hyundai Kona,62,Station_149,Mumbai,31.73575031,1.961957618,11.12987276,11.73930094,Evening,Wednesday,58.96875275,81.66823961,-9.56906362,Level 1,Casual Driver
User_393,Hyundai Kona,85,Station_377,Mumbai,64.53824697,3.970999801,17.56016007,32.97335649,Evening,Tuesday,17.18963766,57.13538346,12.32638948,Level 2,Commuter
User_400,MG Comet,75,Station_35,Mumbai,69.44996148,1.066206747,49.41673269,15.30724503,Morning,Thursday,27.56248159,63.29227669,37.89907159,Level 1,Casual Driver
User_404,Hyundai Kona,62,Station_266,Mumbai,79.46231191,2.895348986,25.41252017,18.27246951,Evening,Wednesday,28.46123084,49.09641538,32.53882053,DC Fast Charger,Long-Distance Traveler
User_412,MG Comet,50,Station_10,Mumbai,27.04710323,1.109637723,4.521631542,33.45756611,Afternoon,Monday,52.03296568,105.6169219,20.56538827,DC Fast Charger,Commuter
User_417,MG Comet,100,Station_446,Mumbai,5.650181738,0.639951451,11.66743821,25.63010191,Morning,Saturday,58.40045758,65.01799109,23.05944663,DC Fast Charger,Casual Driver
User_423,MG Comet,69.44504561,Station_4,Mumbai,72.71574853,0.682132432,32.25343212,28.11946156,Afternoon,Monday,28.89851962,57.73534409,4.485795959,DC Fast Charger,Commuter
User_424,MG Comet,85,Station_426,Mumbai,61.9271036,0.798403786,25.27459826,27.12255887,Morning,Wednesday,73.65740812,93.02610697,7.685197905,DC Fast Charger,Commuter
User_432,Punch.EV,62,Station_338,Mumbai,33.39817876,2.455006976,14.42092922,15.41312073,Morning,Tuesday,23.34413923,68.13930115,27.28334186,DC Fast Charger,Long-Distance Traveler
User_434,TATA Curvv,50,Station_19,Mumbai,74.54048486,3.591079873,16.93586894,28.37468743,Evening,Saturday,51.81491129,76.07639193,10.74680105,Level 2,Casual Driver
User_438,TATA Curvv,100,Station_330,Mumbai,76.49931987,3.007714522,37.44551098,31.94888427,Evening,Thursday,24.87475156,58.71010168,45.75334767,Level 2,Commuter
User_452,TATA Tiago,85,Station_250,Mumbai,63.83060875,2.45865252,38.13906947,6.759900462,Evening,Thursday,11.08354591,74.40527959,13.91915988,Level 2,Casual Driver
User_456,MG Comet,62,Station_228,Mumbai,65.18392769,2.408337112,38.57770533,33.18646283,Night,Saturday,17.72971756,82.7913617,17.14920107,Level 1,Commuter
User_460,TATA Curvv,75,Station_112,Mumbai,21.03051965,2.844416686,8.332992518,8.848458662,Night,Saturday,16.00498511,70.4098916,35.80057736,DC Fast Charger,Commuter
User_469,Punch.EV,39.29742253,Station_438,Mumbai,21.0022301,1.863435975,26.23272288,33.58178282,Night,Friday,32.2755592,58.86833854,37.19955857,Level 2,Commuter
User_478,Punch.EV,75,Station_20,Mumbai,34.80201788,0.852049798,16.59673018,28.32797875,Night,Wednesday,64.52432585,57.79820096,14.22429415,DC Fast Charger,Casual Driver
User_483,MG Comet,75,Station_129,Mumbai,41.95057477,1.020998814,39.2570047,21.59769815,Evening,Monday,89.07810182,96.16384199,11.05077489,DC Fast Charger,Commuter
User_488,TATA Curvv,62,Station_189,Mumbai,11.48343149,3.621537943,21.47990189,13.02678002,Night,Friday,35.53501681,91.07521077,-9.305817015,DC Fast Charger,Long-Distance Traveler
User_491,Punch.EV,85,Station_44,Mumbai,15.25417073,3.308464005,6.762530034,1.640802843,Evening,Thursday,42.74181829,88.23131388,-2.25831715,Level 1,Commuter
User_492,Hyundai Kona,85,Station_330,Mumbai,45.0685333,1.712579576,41.03311514,7.398448665,Night,Sunday,51.66193909,92.05776183,37.01416735,Level 1,Long-Distance Traveler
User_495,Hyundai Kona,75,Station_378,Mumbai,64.87047474,3.233908962,38.98816937,5.19759077,Night,Tuesday,26.65071179,56.3647707,27.33409428,Level 1,Casual Driver
User_496,Punch.EV,50,Station_390,Mumbai,25.13233553,1.899860257,16.20549351,32.61585547,Night,Monday,25.68434812,94.52863671,40.25549686,Level 1,Commuter
User_504,TATA Curvv,85,Station_120,Mumbai,67.45124177,0.849602113,45.01922284,28.34227905,Evening,Friday,36.06774243,61.52733401,20.70521874,DC Fast Charger,Casual Driver
User_506,Punch.EV,75,Station_405,Mumbai,21.81937874,1.989251571,,34.25780158,Evening,Monday,77.21863836,96.77280778,38.08420738,Level 1,Casual Driver
User_521,TATA Tiago,85,Station_352,Mumbai,60.12372287,2.969014435,30.65934381,19.6272772,Night,Friday,30.09851055,86.7579399,34.63224699,DC Fast Charger,Long-Distance Traveler
User_529,Hyundai Kona,62,Station_426,Mumbai,28.57887808,0.977279788,18.89050926,36.55775619,Afternoon,Wednesday,25.48787822,91.4661195,17.67509365,DC Fast Charger,Long-Distance Traveler
User_530,Hyundai Kona,62,Station_32,Mumbai,21.13404478,3.898518143,32.2920457,10.72715124,Night,Sunday,44.71421516,79.20117924,-1.212120196,Level 2,Long-Distance Traveler
User_533,MG Comet,50,Station_25,Mumbai,79.39006382,2.714307816,19.13778917,21.85267826,Morning,Saturday,63.91237042,87.44451137,14.46130434,Level 2,Commuter
User_539,MG Comet,85,Station_232,Mumbai,43.4665651,4.141746359,34.69206917,32.2061168,Morning,Thursday,49.71687028,75.84852337,-8.771230053,Level 2,Casual Driver
User_555,Hyundai Kona,85,Station_84,Mumbai,64.60983161,1.226894334,3.991359551,37.08082729,Morning,Wednesday,21.98287037,72.93984362,17.10924053,Level 1,Long-Distance Traveler
User_560,TATA Tiago,62,Station_402,Mumbai,34.38288065,2.520933069,6.558201297,22.8763766,Night,Sunday,51.16789791,88.32990473,-9.825102182,Level 1,Long-Distance Traveler
User_564,TATA Tiago,75,Station_72,Mumbai,37.42669941,2.353524458,16.98014038,5.466831569,Afternoon,Tuesday,94.43594757,90.5370852,15.35617755,Level 1,Casual Driver
User_567,TATA Curvv,85,Station_172,Mumbai,75.62248861,1.747279577,16.79147373,30.05461855,Morning,Sunday,72.63725302,68.33086516,38.10561785,DC Fast Charger,Commuter
User_570,TATA Curvv,75,Station_343,Mumbai,66.85109294,2.587561871,20.27113939,38.77129432,Evening,Tuesday,24.35122821,61.21435182,35.22549699,DC Fast Charger,Long-Distance Traveler
User_571,MG Comet,62,Station_436,Mumbai,32.34799933,3.914681797,15.17023592,16.52347117,Morning,Sunday,71.05173681,83.00801294,11.65767977,DC Fast Charger,Casual Driver
User_576,Hyundai Kona,100,Station_218,Mumbai,10.24188589,0.563698573,21.4576929,15.08908219,Evening,Monday,30.14072124,85.00767894,16.33993683,Level 2,Long-Distance Traveler
User_589,TATA Tiago,62,Station_275,Mumbai,71.97510218,1.057536324,23.65002521,32.02073545,Morning,Monday,63.10375471,63.99918589,21.52620216,Level 2,Commuter
User_594,MG Comet,62,Station_208,Mumbai,75.40700954,3.15448654,17.72970872,9.081870691,Evening,Sunday,32.02965793,101.6052792,12.4570578,Level 2,Commuter
User_599,Hyundai Kona,85,Station_309,Mumbai,28.27985715,2.693719409,13.22697476,24.96372469,Evening,Tuesday,62.57412042,88.35855053,12.38716533,Level 2,Commuter
User_602,TATA Tiago,50,Station_57,Mumbai,21.42275953,0.734879615,9.189077429,28.07289558,Afternoon,Monday,86.4947654,52.98111186,12.04385004,DC Fast Charger,Commuter
User_609,MG Comet,50,Station_339,Mumbai,22.01644361,1.269157599,41.19625064,35.94010098,Morning,Monday,23.66561092,74.89872942,11.54438093,Level 1,Casual Driver
User_618,MG Comet,85,Station_76,Mumbai,49.73870005,2.015517255,32.86836958,19.58495549,Night,Wednesday,85.72764732,52.82854415,7.812917021,DC Fast Charger,Commuter
User_620,TATA Tiago,100,Station_459,Mumbai,44.95337165,1.592375622,34.04003944,26.37865051,Night,Saturday,66.85003619,61.31395763,22.59449152,Level 1,Casual Driver
User_622,MG Comet,62,Station_156,Mumbai,44.06215479,2.714331888,12.63772843,5.449246049,Morning,Sunday,74.68318534,73.06427881,3.802174549,Level 2,Casual Driver
User_628,MG Comet,75,Station_258,Mumbai,38.59813941,1.369419618,26.5629522,45.04426936,Evening,Saturday,37.92749853,75.10094365,6.16119138,Level 2,Long-Distance Traveler
User_639,TATA Tiago,62,Station_254,Mumbai,79.75044564,3.43346384,,12.67489617,Evening,Saturday,19.73375144,69.33144338,29.39445354,DC Fast Charger,Commuter
User_640,Hyundai Kona,85,Station_188,Mumbai,66.89909636,2.769485464,39.32414111,17.09197469,Morning,Tuesday,22.59313605,75.40468289,-4.073387953,DC Fast Charger,Commuter
User_642,Hyundai Kona,50,Station_32,Mumbai,40.05179662,1.039744909,26.32801687,36.04711966,Morning,Saturday,21.78035695,92.33198159,30.28535776,DC Fast Charger,Casual Driver
User_644,TATA Curvv,62,Station_485,Mumbai,38.36041213,1.296983426,38.34376389,10.22554197,Night,Tuesday,72.50501027,86.30071772,5.501271669,DC Fast Charger,Long-Distance Traveler
User_645,Hyundai Kona,75,Station_397,Mumbai,6.337534265,0.941406248,4.315961671,12.54793256,Morning,Wednesday,44.29225743,55.5236463,26.7089408,Level 1,Long-Distance Traveler
User_646,MG Comet,100,Station_5,Mumbai,6.97877135,2.891860216,35.78892354,23.11595887,Morning,Tuesday,23.83153159,78.77996734,27.35537043,DC Fast Charger,Casual Driver
User_648,Hyundai Kona,50,Station_330,Mumbai,62.42036137,2.50003528,29.9083034,8.075374255,Night,Thursday,119.0511075,50.38374048,23.66715836,DC Fast Charger,Casual Driver
User_661,Hyundai Kona,75,Station_412,Mumbai,23.8368801,2.853649233,12.32951236,36.23594104,Night,Sunday,63.19883628,73.81270846,29.02876366,Level 1,Commuter
User_662,MG Comet,47.65326138,Station_416,Mumbai,29.34959504,2.559701573,30.32389572,13.5072117,Morning,Tuesday,72.60499922,22.27521585,36.69341868,Level 1,Commuter
User_670,Punch.EV,50,Station_65,Mumbai,69.71594631,3.783098446,10.06309377,37.11929537,Evening,Saturday,20.4323108,79.5199883,-4.478051973,DC Fast Charger,Long-Distance Traveler
User_672,Punch.EV,50,Station_11,Mumbai,69.42235104,1.937366869,9.889820742,10.83495891,Evening,Monday,29.13398079,99.88715307,37.26821495,DC Fast Charger,Casual Driver
User_676,Hyundai Kona,105.5549669,Station_421,Mumbai,48.50288659,3.256956589,43.60970746,13.98407365,Night,Monday,28.20893507,64.31222001,23.8877427,Level 2,Casual Driver
User_678,TATA Curvv,75,Station_221,Mumbai,45.4711888,2.957746789,48.01145593,7.388725699,Morning,Sunday,56.83137688,89.62384239,26.50442557,Level 1,Commuter
User_686,Punch.EV,75,Station_424,Mumbai,51.20692409,1.288106025,9.977877022,24.57716644,Afternoon,Wednesday,67.38758549,59.75759843,12.32250456,Level 2,Commuter
User_687,Hyundai Kona,101.1029879,Station_461,Mumbai,7.275443511,2.690603255,21.06032431,34.65404091,Night,Saturday,12.88478096,72.45174831,26.95365853,Level 2,Commuter
User_694,Punch.EV,85,Station_68,Mumbai,47.19744469,1.551271282,23.43002275,9.988472791,Night,Friday,74.87748788,94.07356949,28.41994109,Level 1,Casual Driver
User_700,MG Comet,62,Station_409,Mumbai,24.40113304,1.478023096,31.11524448,24.13463552,Afternoon,Tuesday,65.98351537,51.25486777,23.59028973,Level 1,Long-Distance Traveler
User_708,TATA Curvv,193.0030739,Station_220,Mumbai,42.74479257,1.180162501,40.2059876,14.25574828,Evening,Saturday,19.56303216,67.79633548,-4.172668306,Level 2,Casual Driver
User_713,MG Comet,75,Station_244,Mumbai,45.90925215,0.708738546,26.3121504,11.23449778,Night,Tuesday,40.71611726,97.28846478,28.40385151,Level 2,Commuter
User_714,TATA Curvv,75,Station_182,Mumbai,8.115370261,1.978147577,,26.84686353,Evening,Saturday,22.18992507,99.62809793,33.69115081,DC Fast Charger,Long-Distance Traveler
User_718,MG Comet,50,Station_197,Mumbai,21.30857255,3.735302162,28.04359239,39.92534587,Night,Tuesday,78.29829104,91.7160356,-5.46532879,DC Fast Charger,Casual Driver
User_724,TATA Tiago,50,Station_106,Mumbai,55.30273056,2.544566059,37.34746081,24.08202573,Morning,Thursday,71.91664638,88.37524194,30.18843916,Level 2,Commuter
User_727,TATA Tiago,7.714516854,Station_58,Mumbai,36.22941276,1.885689028,11.09306321,31.09005934,Evening,Monday,43.35667392,91.94031675,17.39682581,Level 2,Casual Driver
User_728,MG Comet,62,Station_78,Mumbai,12.35040612,1.499556879,44.04764539,24.30929724,Night,Wednesday,47.07173173,68.83315695,15.00986729,DC Fast Charger,Long-Distance Traveler
User_734,MG Comet,75,Station_33,Mumbai,68.24465321,3.375570509,49.3612511,33.36036097,Evening,Wednesday,57.9079949,88.30938417,14.82620373,Level 1,Long-Distance Traveler
User_739,TATA Tiago,100,Station_101,Mumbai,6.065161713,3.597765519,46.62351209,16.17803141,Morning,Sunday,19.64689729,71.19100274,27.29212704,DC Fast Charger,Long-Distance Traveler
User_746,TATA Curvv,62,Station_166,Mumbai,41.7666481,4.592690577,21.83372403,36.70441022,Afternoon,Friday,42.35837562,51.49172571,38.8126892,Level 1,Casual Driver
User_750,TATA Curvv,81.36841583,Station_83,Mumbai,57.97765789,2.859080313,6.499187935,14.33823364,Evening,Thursday,58.308685,63.86610505,7.636850332,DC Fast Charger,Long-Distance Traveler
User_751,TATA Tiago,75,Station_182,Mumbai,74.10752218,2.224661484,45.69740275,14.75800919,Evening,Wednesday,72.90390529,51.69102216,3.262503248,Level 2,Casual Driver
User_758,MG Comet,50,Station_336,Mumbai,64.37713244,2.314860017,15.2565692,8.811798669,Afternoon,Monday,15.58695625,98.80776451,25.40739976,Level 2,Long-Distance Traveler
User_770,Punch.EV,75,Station_309,Mumbai,15.5583755,0.755443089,44.45073085,28.83648567,Morning,Monday,83.20214245,61.22134406,25.90015483,Level 2,Casual Driver
User_771,Hyundai Kona,50,Station_146,Mumbai,40.7367048,2.534525414,9.866759209,36.57452173,Night,Friday,33.92648682,67.6953312,13.54692893,DC Fast Charger,Long-Distance Traveler
User_776,Punch.EV,62,Station_226,Mumbai,20.51871405,3.646583045,27.17353746,13.37200144,Afternoon,Tuesday,83.5904818,159.9889032,22.47968921,Level 1,Long-Distance Traveler
User_777,MG Comet,62,Station_105,Mumbai,13.58796474,3.517065237,40.81172935,37.89794296,Night,Monday,67.80447255,58.52581793,4.533623094,DC Fast Charger,Commuter
User_779,TATA Curvv,50,Station_260,Mumbai,73.37136541,3.022632764,45.50795122,11.86812162,Afternoon,Wednesday,62.52618043,62.34091279,7.723424435,Level 1,Commuter
User_785,Hyundai Kona,75,Station_207,Mumbai,43.4665651,1.774553694,29.83758581,36.8859008,Afternoon,Wednesday,41.49585704,54.94247646,5.459169955,Level 2,Commuter
User_790,Punch.EV,85,Station_116,Mumbai,43.25451714,3.210764372,19.27803572,13.3747112,Night,Tuesday,16.42986703,85.24212847,27.81755697,Level 1,Commuter
User_797,Hyundai Kona,62,Station_218,Mumbai,10.24188589,1.394747103,29.21621369,34.65331381,Evening,Sunday,14.96166964,70.51180081,18.15385475,DC Fast Charger,Commuter
User_805,MG Comet,75,Station_170,Mumbai,8.918418778,1.556936696,16.24196336,8.640023654,Night,Thursday,16.990405,55.82664103,9.113968186,Level 1,Long-Distance Traveler
User_815,MG Comet,75,Station_433,Mumbai,27.00471086,3.441490898,46.41136085,38.52706304,Morning,Sunday,88.18011162,61.43525686,8.774037215,DC Fast Charger,Casual Driver
User_816,TATA Tiago,50,Station_59,Mumbai,6.661747206,4.110062624,10.89013108,30.89770569,Evening,Monday,83.28204155,65.0062464,20.51545592,Level 2,Commuter
User_817,Punch.EV,100,Station_457,Mumbai,53.64842443,3.408542212,47.29035525,14.66503914,Evening,Saturday,21.45527057,98.16391585,12.02562263,DC Fast Charger,Commuter
User_834,Punch.EV,105.2870677,Station_299,Mumbai,43.4665651,1.851463574,8.126977133,37.22043017,Evening,Thursday,45.28332178,15.71797517,-0.269334466,DC Fast Charger,Long-Distance Traveler
User_836,TATA Tiago,140.7620616,Station_439,Mumbai,60.08034819,2.078305128,46.15424524,17.11106784,Night,Tuesday,37.69074851,93.80110629,-10.72476975,DC Fast Charger,Long-Distance Traveler
User_847,TATA Tiago,75,Station_452,Mumbai,61.56734925,3.710275408,41.31627182,8.42112691,Evening,Saturday,17.25267949,58.87841174,-2.209581899,Level 1,Long-Distance Traveler
User_851,TATA Curvv,62,Station_492,Mumbai,22.57288245,2.96014749,25.29157595,22.22480423,Night,Saturday,51.55000842,74.1444021,24.41179393,Level 1,Commuter
User_855,TATA Tiago,62,Station_214,Mumbai,51.49234638,3.911579304,35.21951804,21.37952636,Night,Tuesday,62.12237483,81.29379863,-4.123444525,Level 1,Long-Distance Traveler
User_860,TATA Curvv,75,Station_124,Mumbai,44.76974192,0.640695419,20.59023558,29.60976805,Evening,Saturday,64.11014685,90.55214709,24.25815611,Level 2,Commuter
User_861,Punch.EV,75,Station_305,Mumbai,38.21376481,1.88862824,35.89219701,22.23454649,Morning,Sunday,88.2564163,73.26212814,3.056173423,DC Fast Charger,Long-Distance Traveler
User_868,Hyundai Kona,75,Station_44,Mumbai,40.25719688,1.441548759,17.94739459,18.66412193,Afternoon,Friday,28.84132949,85.27530271,31.60235688,Level 2,Long-Distance Traveler
User_869,MG Comet,62,Station_415,Mumbai,51.20288963,1.447056636,45.19091647,39.19681508,Afternoon,Friday,75.55734012,56.56750424,15.64840423,DC Fast Charger,Commuter
User_882,Hyundai Kona,62,Station_145,Mumbai,77.45420996,3.308261928,29.41340669,5.691471522,Afternoon,Tuesday,80.65255109,90.08739344,2.24905517,Level 1,Long-Distance Traveler
User_885,Punch.EV,88.86922407,Station_333,Mumbai,20.17078858,2.450451566,40.42078196,37.25540969,Morning,Sunday,31.5569263,97.82793195,2.844132918,DC Fast Charger,Commuter
User_893,MG Comet,100,Station_356,Mumbai,39.93276466,2.705918848,49.11660927,20.71656542,Morning,Sunday,43.60824251,54.32016802,8.663582495,DC Fast Charger,Commuter
User_904,TATA Tiago,50,Station_34,Mumbai,6.268235994,5.673788713,,7.738396235,Night,Friday,65.99350199,140.3830477,25.06874494,Level 1,Commuter
User_910,MG Comet,62,Station_42,Mumbai,20.84637782,1.499771048,26.57781476,15.76765636,Night,Friday,61.83352377,85.03607837,-2.37688629,DC Fast Charger,Long-Distance Traveler
User_918,Punch.EV,50,Station_358,Mumbai,37.61011503,3.441723779,21.06766867,32.77849499,Night,Saturday,30.60283602,101.9051814,38.34082129,DC Fast Charger,Commuter
User_919,Hyundai Kona,100,Station_475,Mumbai,38.00957724,2.830236312,6.590228457,7.779103429,Evening,Sunday,48.29442034,98.25239499,-4.148661344,DC Fast Charger,Commuter
User_923,Hyundai Kona,62,Station_405,Mumbai,10.33664419,3.714289102,,31.68579536,Evening,Saturday,32.98603195,84.16649568,5.194911285,DC Fast Charger,Long-Distance Traveler
User_929,Punch.EV,75,Station_78,Mumbai,37.11856726,0.563718561,8.690646596,15.12203106,Evening,Monday,39.79613148,91.68222793,-0.542639424,Level 2,Casual Driver
User_933,MG Comet,50,Station_49,Mumbai,45.6603132,2.505972271,40.67941804,31.62664157,Evening,Wednesday,67.90524191,65.2365877,22.73954601,Level 2,Long-Distance Traveler
User_941,MG Comet,50,Station_308,Mumbai,58.74152298,2.91425797,19.94270235,20.60863906,Night,Wednesday,19.42640523,59.51725759,-0.00429831,DC Fast Charger,Long-Distance Traveler
User_951,TATA Tiago,62,Station_141,Mumbai,33.47231506,3.29858278,43.48176399,33.63724165,Afternoon,Wednesday,76.46236262,81.41249705,8.656254905,Level 2,Long-Distance Traveler
User_960,Punch.EV,100,Station_108,Mumbai,72.08924277,2.496163492,7.494575511,20.28862372,Night,Friday,22.9005078,94.20825519,3.927031788,Level 1,Long-Distance Traveler
User_973,Hyundai Kona,50,Station_312,Mumbai,45.81366157,3.444179196,17.3546406,7.400772164,Night,Saturday,68.43411849,86.79517154,28.43121149,DC Fast Charger,Long-Distance Traveler
User_979,TATA Curvv,62,Station_182,Mumbai,75.52338507,3.32691717,24.8909192,10.10258123,Afternoon,Monday,82.5448484,70.70118042,0.5816117,DC Fast Charger,Long-Distance Traveler
User_988,TATA Tiago,100,Station_57,Mumbai,77.63851677,3.577530943,8.125454971,33.52441776,Morning,Saturday,23.24454737,94.69156133,-3.386293111,Level 2,Commuter
User_993,TATA Tiago,75,Station_193,Mumbai,53.9569817,3.737052894,17.87474459,14.88744926,Night,Monday,89.97564875,95.03577021,6.800062382,Level 2,Long-Distance Traveler
User_998,Punch.EV,85,Station_227,Mumbai,46.61987333,1.56278776,7.388686338,16.70682128,Morning,Friday,70.09449292,59.04290083,-0.460756822,DC Fast Charger,Long-Distance Traveler
User_1002,TATA Tiago,50,Station_153,Mumbai,6.443672289,2.634529418,14.99241844,8.855377385,Night,Tuesday,81.59731029,84.92637815,-4.275305327,Level 1,Long-Distance Traveler
User_1009,TATA Tiago,50,Station_436,Mumbai,62.04623037,0.922764651,18.56265579,37.5475732,Afternoon,Sunday,88.3912258,77.93392383,-0.966443591,DC Fast Charger,Casual Driver
User_1017,Hyundai Kona,100,Station_471,Mumbai,71.70850688,5.444091596,38.79607655,37.09584883,Afternoon,Saturday,12.2234232,77.41334734,2.616126227,Level 1,Casual Driver
User_1028,MG Comet,85,Station_211,Mumbai,44.01595166,1.324310297,38.10527791,32.93537303,Afternoon,Saturday,73.34621767,78.15992983,5.879536154,Level 2,Casual Driver
User_1036,Punch.EV,60.65969098,Station_329,Mumbai,66.09153403,1.272887206,37.60056306,14.80646804,Evening,Tuesday,42.30136724,70.72631713,9.953924429,Level 2,Casual Driver
User_1041,TATA Curvv,50,Station_63,Mumbai,44.88676331,2.041257191,28.9773945,7.093616315,Morning,Tuesday,81.95826164,70.54283762,22.75372165,DC Fast Charger,Long-Distance Traveler
User_1042,MG Comet,100,Station_62,Mumbai,58.94085857,3.205348493,43.7022121,37.33339445,Night,Saturday,82.3603313,92.03577294,19.45757653,Level 2,Long-Distance Traveler
User_1043,TATA Curvv,109.7951283,Station_100,Mumbai,10.03981781,1.302941969,,26.59423983,Evening,Monday,35.98360523,70.68328884,35.14516183,Level 1,Long-Distance Traveler
User_1045,TATA Curvv,85,Station_17,Mumbai,29.75838484,2.155244183,29.38504741,20.06533023,Morning,Sunday,10.81390545,36.54836012,-1.353331502,DC Fast Charger,Casual Driver
User_1046,TATA Curvv,75,Station_325,Mumbai,69.59647496,2.339041996,14.86068898,38.12949571,Afternoon,Tuesday,60.63891762,73.00925296,73.16958797,DC Fast Charger,Long-Distance Traveler
User_1050,Punch.EV,100,Station_246,Mumbai,8.234584116,0.90499338,43.81287256,8.682242515,Morning,Sunday,23.35890824,97.66158482,38.56896076,Level 2,Commuter
User_1068,Hyundai Kona,62,Station_196,Mumbai,40.78700348,3.431847203,11.03185075,22.86464784,Morning,Thursday,68.76134194,55.14615868,-0.658493238,Level 1,Long-Distance Traveler
User_1072,TATA Curvv,82.66681121,Station_325,Mumbai,18.79049305,1.639131351,38.26182989,39.51619105,Evening,Monday,41.7717522,67.06652609,-2.736637604,Level 2,Long-Distance Traveler
User_1075,Hyundai Kona,85,Station_57,Mumbai,34.89511327,1.603396901,4.881436199,33.67501827,Afternoon,Friday,61.53265078,89.00103781,-6.428742353,Level 1,Casual Driver
User_1080,MG Comet,78.43167082,Station_286,Mumbai,38.08536377,1.949003681,1.654937068,15.63165131,Evening,Saturday,11.83050192,97.6297836,-5.9392058,Level 1,Long-Distance Traveler
User_1084,MG Comet,85,Station_279,Mumbai,68.56767861,1.558203166,16.475471,24.53486846,Afternoon,Saturday,68.27370384,93.5739471,-9.831678296,Level 1,Casual Driver
User_1093,MG Comet,75,Station_408,Mumbai,59.76831247,3.253943971,35.05498942,39.29790891,Evening,Monday,81.95499699,59.94650611,18.16464336,Level 2,Long-Distance Traveler
User_1094,MG Comet,62,Station_188,Mumbai,36.70152016,1.872489738,19.12193264,5.555604763,Evening,Sunday,26.34819844,95.16288707,30.28584754,Level 1,Casual Driver
User_1100,MG Comet,75,Station_76,Mumbai,15.72955117,3.882674593,38.31515901,19.6337703,Morning,Friday,10.87427192,80.29223804,10.75337783,Level 2,Long-Distance Traveler
User_1101,Hyundai Kona,85,Station_148,Mumbai,34.07799973,2.364887015,12.59762021,19.57002063,Night,Monday,70.12447702,61.59652123,5.369915824,Level 1,Commuter
User_1110,TATA Curvv,50,Station_315,Mumbai,23.19329022,2.007710443,31.98319246,5.811559056,Night,Sunday,72.88118471,86.93554787,17.07536932,Level 1,Casual Driver
User_1114,TATA Curvv,75,Station_380,Mumbai,9.206012695,2.220907251,47.65616728,19.80559334,Afternoon,Friday,25.18431669,80.23578041,20.77797923,Level 2,Commuter
User_1115,TATA Curvv,100,Station_342,Mumbai,56.1150925,1.05741593,5.488039505,16.3478361,Morning,Wednesday,22.3498793,80.08848452,36.59253901,Level 1,Commuter
User_1116,TATA Tiago,50,Station_146,Mumbai,15.89873423,3.165199902,40.44452193,12.06768036,Evening,Saturday,46.21839949,60.72812099,-5.068598814,Level 1,Long-Distance Traveler
User_1117,TATA Tiago,85,Station_368,Mumbai,41.15701391,3.263498398,46.12968887,13.44237938,Morning,Friday,31.46784538,77.45210904,29.4542124,Level 2,Casual Driver
User_1120,MG Comet,62,Station_27,Mumbai,90.23550358,1.285990167,4.841450613,35.02884819,Afternoon,Saturday,70.55201083,50.51807735,36.3683292,Level 1,Long-Distance Traveler
User_1121,MG Comet,62,Station_220,Mumbai,18.10247227,1.934688459,41.55273261,37.69680547,Night,Tuesday,33.30088316,99.70093459,1.102630909,DC Fast Charger,Casual Driver
User_1128,Hyundai Kona,62,Station_72,Mumbai,79.97267191,1.157943552,37.46218915,8.471445141,Morning,Sunday,75.82897475,67.97645022,16.05241314,Level 1,Casual Driver
User_1129,TATA Tiago,50,Station_310,Mumbai,5.163807088,3.910006446,5.265203285,7.411839346,Night,Monday,32.17142733,56.72395742,-9.824574766,DC Fast Charger,Casual Driver
User_1141,Hyundai Kona,85,Station_200,Mumbai,45.45344885,1.441090893,28.19404206,39.59705008,Night,Sunday,18.30616688,66.42847642,28.51369445,DC Fast Charger,Commuter
User_1144,MG Comet,75,Station_35,Mumbai,59.16864336,2.765621657,15.22251353,18.81699477,Afternoon,Thursday,50.51010597,68.59776437,29.06368772,DC Fast Charger,Long-Distance Traveler
User_1149,MG Comet,100,Station_158,Mumbai,77.12500791,1.233524687,39.42909617,29.78525366,Morning,Friday,62.32264056,81.40719887,-3.663579909,Level 1,Casual Driver
User_1150,TATA Tiago,100,Station_4,Mumbai,8.28243854,1.245288417,11.01799661,27.32656052,Morning,Sunday,76.66998194,62.00647452,-2.64529743,DC Fast Charger,Commuter
User_1170,Hyundai Kona,100,Station_88,Mumbai,27.70606779,2.85834951,45.32674459,38.03642616,Afternoon,Tuesday,46.48302919,98.62734402,19.02928781,Level 1,Commuter
User_1179,Hyundai Kona,50,Station_108,Mumbai,5.755524649,2.290446688,39.1270254,34.39969185,Evening,Monday,63.6155687,73.80735045,18.9627122,DC Fast Charger,Commuter
User_1183,Hyundai Kona,100,Station_380,Mumbai,9.206012695,2.858817714,14.83291702,34.44812381,Morning,Thursday,46.60793046,66.14678806,18.45594163,DC Fast Charger,Casual Driver
User_1187,Punch.EV,75,Station_450,Mumbai,72.94073166,3.60922982,13.82503559,35.85886985,Night,Friday,44.08631935,61.93725052,38.66696331,DC Fast Charger,Casual Driver
User_1191,Hyundai Kona,50,Station_108,Mumbai,47.49433927,2.287832255,21.67222574,8.331034986,Afternoon,Saturday,58.68736693,84.96009646,-3.112536169,DC Fast Charger,Casual Driver
User_1203,TATA Curvv,86.71809382,Station_162,Mumbai,61.63104966,2.942916166,20.39119229,32.96419115,Night,Wednesday,23.35781808,96.40888301,-6.983337242,Level 1,Long-Distance Traveler
User_1217,TATA Curvv,75,Station_357,Mumbai,77.63234569,3.306874018,11.17901456,10.90638327,Evening,Friday,54.6438593,58.01818478,2.21108395,DC Fast Charger,Commuter
User_1230,Hyundai Kona,54.03223627,Station_145,Mumbai,21.27074191,3.342356049,40.17685077,12.18615185,Morning,Saturday,23.97110918,90.94302581,31.34685759,DC Fast Charger,Commuter
User_1233,Punch.EV,50,Station_376,Mumbai,12.89314236,2.141299952,17.34136646,18.14399891,Morning,Wednesday,78.39287123,78.81590749,20.05511243,Level 2,Casual Driver
User_1237,Punch.EV,62,Station_231,Mumbai,43.4665651,1.281602665,36.60130618,29.7814818,Night,Wednesday,76.9602295,83.75662148,12.23564457,Level 1,Commuter
User_1246,TATA Curvv,50,Station_393,Mumbai,43.12603812,2.76539079,5.766635774,21.59525254,Morning,Friday,69.61870824,77.39673449,31.05761684,Level 2,Commuter
User_1251,TATA Tiago,62,Station_24,Mumbai,11.32191413,1.821809688,39.95811626,3.059041507,Morning,Saturday,59.77588685,53.00916603,-0.886886899,Level 1,Long-Distance Traveler
User_1252,TATA Curvv,50,Station_486,Mumbai,26.58671022,1.724436589,24.45076324,25.20475381,Afternoon,Tuesday,77.97541226,91.45202017,5.320091462,Level 1,Long-Distance Traveler
User_1257,TATA Tiago,75,Station_259,Mumbai,5.892835164,1.235989774,40.77682699,11.65115779,Afternoon,Saturday,12.90517915,57.54316927,16.89229648,Level 2,Commuter
User_1268,Hyundai Kona,100,Station_296,Mumbai,47.67827375,1.424909572,37.74994618,36.54860154,Night,Monday,75.29020927,67.25319331,27.78096351,Level 1,Long-Distance Traveler
User_1271,Punch.EV,75,Station_302,Mumbai,61.11752874,0.548377714,37.24649566,15.36736539,Evening,Monday,19.89094139,62.23223391,-2.462733809,Level 2,Commuter
User_1276,MG Comet,62,Station_273,Mumbai,26.44403312,3.692237458,27.1214299,27.3704371,Morning,Sunday,63.48160387,80.47775508,14.39410549,Level 1,Commuter
User_1277,Punch.EV,100,Station_420,Mumbai,42.0179595,0.730265847,13.30298668,13.08860586,Afternoon,Wednesday,55.03840485,70.45005705,14.64185295,DC Fast Charger,Long-Distance Traveler
User_1284,MG Comet,50,Station_249,Mumbai,28.80292498,0.758400248,45.51884431,20.89934494,Night,Friday,73.6868557,81.23277626,-0.257359046,DC Fast Charger,Casual Driver
User_1286,Punch.EV,100,Station_180,Mumbai,85.03985431,3.708384638,26.7265968,21.84379488,Evening,Sunday,32.36280196,55.98865792,22.66992027,Level 1,Casual Driver
User_1287,TATA Curvv,50,Station_66,Mumbai,47.76784734,2.679451387,32.99434153,30.85952282,Night,Thursday,13.70945351,97.58940532,15.36325798,Level 1,Long-Distance Traveler
User_1288,MG Comet,62,Station_308,Mumbai,57.45442117,1.121155295,35.73022937,26.41458833,Morning,Sunday,32.34187153,89.61714559,33.49059845,Level 2,Casual Driver
User_1290,Hyundai Kona,50,Station_171,Mumbai,49.53480946,0.805284486,42.13698966,23.99606518,Night,Sunday,79.74068238,53.90525935,4.52437496,DC Fast Charger,Casual Driver
User_1294,MG Comet,62,Station_107,Mumbai,8.315805795,0.728101986,11.73724408,20.70425979,Morning,Tuesday,38.55338957,56.84768446,35.82177611,Level 2,Long-Distance Traveler
User_1295,TATA Curvv,50,Station_439,Mumbai,10.18500019,3.411449704,29.83066536,18.818112,Evening,Monday,63.63470753,22.88625804,26.52415548,Level 1,Commuter
User_1299,TATA Tiago,85,Station_442,Mumbai,21.7953825,1.171874032,37.7362187,27.46057477,Night,Saturday,55.13436223,68.54740388,-4.052803771,Level 2,Long-Distance Traveler
User_1304,Hyundai Kona,81.06203029,Station_103,Mumbai,43.4665651,1.695958327,13.48724207,14.31781179,Morning,Friday,83.09120694,76.50122128,13.73785617,Level 1,Long-Distance Traveler
User_1312,Hyundai Kona,50,Station_13,Mumbai,74.27670058,2.849151428,25.07354432,38.19400614,Night,Tuesday,41.34406167,50.41234126,7.731967314,Level 2,Commuter
User_1313,MG Comet,75,Station_120,Mumbai,39.73385255,1.249296291,21.39560578,19.41366508,Morning,Tuesday,55.863615,85.12226222,24.10895296,Level 1,Casual Driver
